Maria, 362635593, /hi
Maria, 362635593, /help
Maria, 362635593, /calculations
Maria, 362635593, /calculations 2+3
Maria, 362635593, /calculations 2*3
Maria, 362635593, /calculations 2/3
Maria, 362635593, /calculations 4/2
Maria, 362635593, /calculations 2-3
Maria, 362635593, /calculations 4//2
Maria, 362635593, /calculations 2+3
Maria, 362635593, /calculations 2*3
Maria, 362635593, /calculations 2-3
Maria, 362635593, /calculations 1 + 2 - 3 * (4 + 5)
Maria, 362635593, /calculations Решите 2+4
Maria, 362635593, /equations x + 1 = 0
Maria, 362635593, /equations Найди корни уравнения 2 * x - 4 = 0
Maria, 362635593, /equations Реши уравнение x**2 - 4 = 0
Maria, 362635593, /equations Реши уравнение x^2 - 4 = 0
Maria, 362635593, /equations Реши уравнение x**2 - 4 = 0
Maria, 362635593, /equations Реши уравнение 4 * x^2 = 0
Maria, 362635593, /calculations 1 + 2 - 3 *
Maria, 362635593, /calculations 1
Maria, 362635593, /calculations 1 + t
Maria, 362635593, /equations Реши уравнение 4 * = 0
Maria, 362635593, /inequalities Реши неравенство х + 4 > 0
Maria, 362635593, /inequalities  x + 4 > 0
Maria, 362635593, /inequalities  x^2 - 4 < 0
Maria, 362635593, /inequalities  x^(1/2) - 4 < 0
Maria, 362635593, /inequalities  sin(x) < 0
Maria, 362635593, /inequalities  sin(x) = 0
Maria, 362635593, /inequalities  sin(x)
Maria, 362635593, /inequalities  x^2 - 4 < 0
Maria, 362635593, /inequalities  sin(x)
Maria, 362635593, /inequalities  x^2 - 4 < 0
Maria, 362635593, /inequalities  x^2 - 4 < 0
Maria, 362635593, /inequalities  sin(x) = 0
Maria, 362635593, /inequalities  sin(x)
Maria, 362635593, /progressions Первый член 1, разность 2, Найти 3-ий член
Maria, 362635593, /progressions Первый член 1, разность 2, Найти 3-ий член
Maria, 362635593, /progressions Первый член 1, разность 2, Найти 3-ий член
Maria, 362635593, /progressions вый член 1, разно
Maria, 362635593, /progressions вый член 1, разно 2 3
Maria, 362635593, /progressions Первый член 1, разность 2, Найти 3-ий член
Maria, 362635593, /probabilities Из 1000 собранных на заводе телевизоров 5 штук бракованных. Эксперт проверяет один наугад выбранный телевизор. Найдите вероятность того, что проверяемый телевизор окажется бракованным.
Maria, 362635593, /probabilities Из 1000 собранных на заводе телевизоров 5 штук бракованных. Эксперт проверяет один наугад выбранный телевизор. Найдите вероятность того, что проверяемый телевизор окажется бракованным.
Maria, 362635593, /probabilities Из 1000 собранных на заводе телевизоров 5 штук бракованных. Эксперт проверяет один наугад выбранный телевизор. Найдите вероятность того, что проверяемый телевизор окажется бракованным.
Maria, 362635593, /probabilities В группе туристов 8 человек. С помощью жребия они выбирают шестерых человек, которые должны идти в село в магазин за продуктами. Какова вероятность того, что турист Д., входящий в состав группы, пойдёт в магазин?
Maria, 362635593, /probabilities В группе туристов 8 человек. С помощью жребия они выбирают 6 человек, которые должны идти в село в магазин за продуктами. Какова вероятность того, что турист Д., входящий в состав группы, пойдёт в магазин?
Maria, 362635593, /probabilities В группе туристов 8 человек. С помощью жребия они выбирают 6 человек, которые должны идти в село в магазин за продуктами. Какова вероятность того, что турист Д., входящий в состав группы, пойдёт в магазин?
Maria, 362635593, /probabilities В группе туристов 8 человек. С помощью жребия они выбирают шесть человек, которые должны идти в село в магазин за продуктами. Какова вероятность того, что турист Д., входящий в состав группы, пойдёт в магазин?
Maria, 362635593, /plots sin(x) + cos (x)
Maria, 362635593, /plots sin(x) + cos (x)
Maria, 362635593, /plots lca
Maria, 362635593, /plots sin(x) + cos (x)
Maria, 362635593, /hi
Maria, 362635593, /plots sin(x) + cos (x)
Maria, 362635593, /plots x
